contract_id,counterpart_id,date,number,quantity_mt,delivery_due_date,total_by_ctr,price_without_vat,vat,price_with_vat,shipped_by_supplier_mt,received_on_wh_mt,contract_group_id,contract_type_id
1,3,2023-07-31,7429670,28600.0,2023-11-18,675052950.0000001,23603.250000000004,0.0,23603.250000000004,28562.218,28562.218,94,36
2,2,2024-01-21,7496406,1900.0,2024-02-19,81395050.0,42839.5,0.0,42839.5,1902.7800000000002,1902.7800000000002,97,36
3,2,2024-01-21,7459523,730.0,2024-02-19,14004320.0,19184.0,0.0,19184.0,734.844,734.844,96,36
4,234,2024-01-27,7497094,70.0,2024-02-01,3218600.0000000005,41800.0,0.1,45980.00000000001,74.89900000000002,74.89900000000002,54,18
5,2,2023-11-22,7443556,3700.0,2024-01-19,95807800.00000001,25894.000000000004,0.0,25894.000000000004,3618.5270000000005,3618.5270000000005,95,36
6,2,2023-10-26,7444069,3700.0,2024-05-05,70448000.0,19040.0,0.0,19040.0,3677.773,3677.773,98,36
7,1,2024-04-05,7421472,150.0,2024-05-18,9627750.000000002,64185.00000000001,0.0,64185.00000000001,154.4904,154.4904,99,36
8,2,2024-08-26,7423889,4500.0,2024-09-17,74925000.0,16650.0,0.0,16650.0,4410.0,4410.0,100,36
9,2,2024-08-23,7431429,6100.0,2024-09-13,124135000.0,20350.0,0.0,20350.0,6002.424999999999,6002.424999999999,101,36
10,2,2024-09-26,7443777,4000.0,2024-10-14,84000000.0,21000.0,0.0,21000.0,3910.548,3910.548,102,36
11,2,2024-10-13,7482739,4000.0,2024-11-12,77000000.0,19250.0,0.0,19250.0,3960.348,3960.348,103,36
12,2,2024-10-13,7460756,3700.0,2024-11-11,71225000.0,19250.0,0.0,19250.0,3622.52,3622.52,104,36
13,2,2024-11-04,7497240,6500.0,2024-11-25,148200000.0,22800.0,0.0,22800.0,6463.574,6463.574,105,36
14,245,2024-09-10,7429873,4000.0,2024-11-25,4953599.999999999,1238.3999999999999,0.0,1238.3999999999999,,0.0,109,33
15,2,2024-11-03,7478550,7800.0,2024-11-24,163020000.0,20900.0,0.0,20900.0,7746.211000000001,7746.211000000001,106,36
16,245,2024-10-24,7453030,3000.0,2024-11-24,1653300.0,551.1,0.0,551.1,,0.0,110,33
17,23,2023-08-18,7441182,1000.0,2023-09-01,18370000.0,16700.0,0.1,18370.0,962.788,962.788,61,18
18,30,2023-08-16,7415436,100.0,2023-08-29,1628000.0000000002,14800.0,0.1,16280.000000000002,104.94500000000001,104.995,62,18
19,44,2023-09-05,7479613,2800.0,2023-09-18,52668000.0,17100.0,0.1,18810.0,2758.332,2758.332,63,18
20,62,2023-08-17,7452961,1200.0,2023-09-11,25080000.0,19000.0,0.1,20900.0,1239.2320000000002,1239.2320000000002,64,18
21,80,2023-08-24,7418480,1000.0,2023-09-03,18700000.0,17000.0,0.1,18700.0,1022.5400000000002,1022.5400000000002,65,18
22,80,2023-08-24,7489642,200.0,2023-09-03,3388000.0,16940.0,0.0,16940.0,202.072,202.072,66,18
23,83,2023-09-26,7467799,300.0,2023-10-13,6600000.0,20000.0,0.1,22000.0,300.23400000000004,300.23400000000004,67,18
24,91,2023-08-21,7485054,460.0,2023-09-11,9841700.0,19450.0,0.1,21395.0,463.182,463.182,68,18
25,91,2023-09-12,7468661,110.0,2023-09-18,2502280.0000000005,22748.000000000004,0.0,22748.000000000004,114.86800000000001,114.86800000000001,69,18
26,118,2023-09-30,7492317,1600.0,2023-10-04,43120000.00000001,24500.0,0.1,26950.000000000004,1650.0000000000002,1650.0000000000002,70,18
27,119,2023-09-21,7411737,140.0,2023-09-28,3003000.0,21450.0,0.0,21450.0,140.853,140.853,71,18
28,132,2023-09-21,7450266,140.0,2023-09-28,2648800.0,17200.0,0.1,18920.0,140.582,140.582,72,18
29,134,2023-09-05,7466427,980.0,2023-09-18,18433800.0,17100.0,0.1,18810.0,975.169,975.169,73,18
30,146,2023-09-22,7472423,60.0,2023-09-29,1287000.0,19500.0,0.1,21450.0,78.065,78.065,74,18
31,168,2023-10-04,7420437,910.0,2023-11-04,20020000.0,20000.0,0.1,22000.0,910.6240000000001,910.6240000000001,75,18
32,210,2023-08-11,7409955,170.0,2023-09-04,2805000.0,16500.0,0.0,16500.0,168.0,168.0,76,18
33,213,2023-08-09,7415903,1400.0,2023-09-03,25872000.0,16800.0,0.1,18480.0,1301.928,1301.928,77,18
34,254,2023-08-16,7496408,1100.0,2023-09-04,23760000.0,19636.363636363636,0.1,21600.0,1132.89,1132.89,78,18
35,269,2023-09-12,7493397,260.0,2023-09-21,4862000.0,17000.0,0.1,18700.0,260.546,260.546,79,18
36,281,2023-08-11,7446845,120.0,2023-08-19,2455200.0,20460.0,0.0,20460.0,122.69400000000002,122.69400000000002,80,18
37,287,2023-08-08,7465411,70.0,2023-08-15,1424500.0,20350.0,0.0,20350.0,93.78,93.78,81,18
38,47,2023-08-21,7462386,570.0,2023-09-03,11035200.0,17600.0,0.1,19360.0,566.984,566.984,82,18
39,76,2023-08-01,7441421,4000.0,2023-08-20,77880000.0,17700.0,0.1,19470.0,4051.8360000000002,4051.8360000000002,84,18
40,219,2023-08-02,7436717,5800.0,2023-08-18,108460000.0,17000.0,0.1,18700.0,5776.295999999999,5776.295999999999,85,18
41,219,2023-08-23,7407255,820.0,2023-09-13,15785000.0,17500.0,0.1,19250.0,816.1719999999999,816.1719999999999,86,18
42,141,2023-08-03,7423246,280.0,2023-08-29,6200040.0,20130.0,0.1,22143.0,275.0,275.0,87,18
43,141,2023-09-30,7427036,130.0,2023-10-19,3146000.0000000005,22000.0,0.1,24200.000000000004,126.643,126.643,88,18
44,141,2023-10-05,7456350,90.0,2023-10-08,2178000.0000000005,22000.0,0.1,24200.000000000004,0.0,0.0,89,18
45,236,2023-08-04,7434372,2400.0,2023-08-19,53724000.0,20350.0,0.1,22385.0,2390.25,2390.25,90,18
46,236,2023-08-28,7440738,240.0,2023-09-08,5488560.000000001,20790.0,0.1,22869.000000000004,239.41500000000002,239.41500000000002,83,18
47,13,2023-11-23,7452742,220.0,2023-12-06,8712000.0,39600.0,0.0,39600.0,220.00000000000003,220.00000000000003,55,18
48,63,2023-11-16,7450605,230.0,2023-12-11,11385000.000000002,45000.0,0.1,49500.00000000001,230.912,230.912,56,18
49,72,2023-11-16,7408597,310.0,2023-11-26,15754200.000000002,46200.0,0.1,50820.00000000001,312.07,312.07,57,18
50,147,2023-11-18,7460720,770.0,2023-12-07,30492000.0,36000.0,0.1,39600.0,772.9700000000001,772.9700000000001,58,18
51,163,2024-01-26,7412661,730.0,2024-01-30,14293400.0,17800.0,0.1,19580.0,734.844,734.844,53,18
52,218,2024-01-29,7421924,220.0,2024-02-05,10527000.000000002,43500.0,0.1,47850.00000000001,220.50600000000003,220.50600000000003,59,18
53,270,2023-11-18,7472211,100.0,2023-12-07,3960000.0,39600.0,0.0,39600.0,92.422,92.422,60,18
54,67,2023-12-01,7417189,250.0,2023-12-15,5500000.0,20000.0,0.1,22000.0,248.62200000000004,248.62200000000004,48,18
55,127,2023-12-06,7452489,410.0,2023-12-16,8794500.0,19500.0,0.1,21450.0,405.68000000000006,405.68000000000006,49,18
56,138,2023-11-30,7424085,1900.0,2023-12-18,48792000.0,23345.454545454544,0.1,25680.0,1917.652,1917.652,50,18
57,202,2023-12-07,7416426,160.0,2023-12-15,4108800.0,23345.454545454544,0.1,25680.0,163.72400000000002,163.72400000000002,51,18
58,255,2023-12-06,7472602,890.0,2023-12-18,19580000.0,20000.0,0.1,22000.0,892.364,892.364,52,18
59,112,2024-03-23,7441924,3700.0,2024-04-20,55944000.0,13745.454545454544,0.1,15120.0,3713.82,3713.82,47,18
60,16,2024-03-13,7474968,150.0,2024-04-07,9306000.000000002,56400.0,0.1,62040.00000000001,154.464,154.464,46,18
61,98,2024-08-02,7466473,140.0,2024-08-06,2116800.0,13745.454545454544,0.1,15120.0,135.013,134.883,41,18
62,28,2024-08-06,7422244,1200.0,2024-08-12,17952000.0,13599.999999999998,0.1,14960.0,1162.259,1159.659,42,18
63,114,2024-08-07,7406399,450.0,2024-08-18,5760000.0,11636.363636363636,0.1,12800.0,450.10200000000003,449.08200000000005,43,18
64,38,2024-08-02,7473968,2800.0,2024-08-30,504000.0,180.0,0.0,180.0,2722.741,2722.741,33,7
65,273,2024-08-29,7407195,2600.0,2024-08-30,6552000.0,2520.0,0.0,2520.0,2579.3014927083814,2579.3014927083814,33,32
66,275,2024-08-27,7481116,60.0,2024-08-30,181440.0,2520.0,0.2,3024.0,47.49904593952383,47.49904593952383,33,32
67,76,2024-08-07,7463778,2700.0,2024-08-30,39366000.0,13254.545454545454,0.1,14580.0,2722.741,2722.741,33,18
68,273,2024-09-16,7438467,60.0,2024-08-30,169830.0,2695.714285714286,0.05,2830.5,45.45120458463401,45.45120458463401,33,32
69,273,2024-08-29,7441135,60.0,2024-08-30,180360.0,2862.8571428571427,0.05,3006.0,46.538553976610906,46.538553976610906,33,32
70,118,2024-08-30,7457773,25.0,2024-09-30,376380.0,13909.090909090908,0.1,15300.0,22.14,22.14,44,18
71,158,2024-08-08,7464942,500.0,2024-08-18,7425000.000000001,14850.000000000002,0.0,14850.000000000002,0.0,0.0,45,18
72,286,2024-07-12,7479145,830.0,2024-07-15,11620000.0,12727.272727272726,0.1,14000.0,828.85,828.85,31,18
73,14,2024-08-27,7438472,75.0,2024-08-29,1277100.0,15479.999999999998,0.1,17028.0,88.48049999999999,88.0305,40,18
74,148,2024-08-02,7456944,210.0,2024-08-15,4319700.0,18700.0,0.1,20570.0,210.64000000000001,210.3,32,18
75,265,2024-08-15,7459512,50.0,2024-08-26,148500.00000000003,2970.0000000000005,0.0,2970.0000000000005,53.975,53.975,34,32
77,76,2024-08-19,7410225,1.0,2024-08-26,5500.0,4583.333333333334,0.2,5500.0,,0.0,34,37
78,38,2024-07-29,7442419,3900.0,2024-08-26,858000.0000000001,220.00000000000003,0.0,220.00000000000003,3861.125,3861.125,34,7
79,273,2024-08-22,7474854,450.0,2024-08-24,1134000.0,2520.0,0.0,2520.0,451.22817654692545,451.22817654692545,35,32
80,273,2024-08-18,7464319,2800.0,2024-08-26,9240000.000000002,3300.0000000000005,0.0,3300.0000000000005,2728.8999999999996,2728.8999999999996,34,32
81,275,2024-08-23,7416655,320.0,2024-08-26,1224960.0000000002,3190.0000000000005,0.2,3828.0000000000005,318.77500000000003,318.77500000000003,34,32
82,76,2024-08-03,7494784,3800.0,2024-08-26,66880000.0,15999.999999999998,0.1,17600.0,3861.125,3861.125,34,18
83,273,2024-08-18,7459692,740.0,2024-08-26,2360600.0000000005,3190.0000000000005,0.0,3190.0000000000005,735.2750000000001,735.2750000000001,34,32
84,47,2024-08-10,7446695,450.0,2024-08-24,6156000.0,12436.363636363636,0.1,13680.0,452.46500000000003,451.475,35,18
85,47,2024-08-10,7492477,60.0,2024-09-08,675000.0,10227.272727272726,0.1,11250.0,73.45499999999998,73.27499999999999,36,18
86,273,2024-09-11,7468616,58.0,2024-09-08,146160.0,2520.0,0.0,2520.0,73.23013775510202,73.23013775510202,36,32
87,148,2024-08-11,7416707,200.0,2024-08-15,4162400.0,18920.0,0.1,20812.0,204.745,204.225,37,18
88,148,2024-08-12,7407610,200.0,2024-08-15,4303200.0,19560.0,0.1,21516.0,195.75,193.75,38,18
89,34,2024-08-15,7433882,35.0,2024-08-19,545737.5,14850.0,0.05,15592.5,45.515,45.375,39,18
90,98,2024-09-12,7433563,2400.0,2024-09-14,36000000.0,13636.363636363636,0.1,15000.0,2498.542,2500.212,30,18
91,185,2024-09-16,7493339,1700.0,2024-10-17,25500000.0,13636.363636363636,0.1,15000.0,1651.9180000000001,1653.108,23,18
92,156,2024-09-14,7479305,160.0,2024-09-27,2265120.0,12869.999999999998,0.1,14157.0,156.98399999999998,156.98399999999998,24,18
93,136,2024-09-20,7411881,420.0,2024-10-13,4460400.0,10620.0,0.0,10620.0,420.0,420.0,25,18
94,280,2024-09-25,7402572,450.0,2024-10-13,5623200.0,11359.999999999998,0.1,12496.0,448.43199999999996,447.912,26,18
95,100,2024-10-04,7475382,2300.0,2024-11-04,27830000.000000004,11000.0,0.1,12100.000000000002,2386.507,2386.447,2,18
96,273,2024-10-19,7471576,64.0,2024-11-04,295680.0,4620.0,0.0,4620.0,75.79546232,75.79546232,2,32
97,273,2024-10-19,7421818,2300.0,2024-11-04,12548800.0,4546.666666666667,0.2,5456.0,2272.14558456,2272.14558456,2,32
98,100,2024-10-24,7482627,239.0,2024-11-04,265899.5982753,928.4825000000001,0.2,1114.179,,0.0,2,19
100,273,2024-10-17,7413210,220.0,2024-10-28,629200.0000000001,2860.0000000000005,0.0,2860.0000000000005,217.536,217.536,27,32
101,275,2024-10-16,7415810,40.0,2024-10-28,137280.00000000003,2860.0000000000005,0.2,3432.0000000000005,37.872,37.872,27,32
102,37,2024-10-13,7448555,260.0,2024-10-28,3680820.0000000005,12870.0,0.1,14157.000000000002,255.408,255.408,27,18
103,225,2024-10-18,7447736,140.0,2024-10-28,1540000.0,10000.0,0.1,11000.0,142.344,142.344,28,18
104,38,2024-09-29,7471481,420.0,2024-10-13,945000.0,2250.0,0.0,2250.0,420.0,420.0,25,32
105,38,2024-10-25,7497983,2400.0,2024-11-04,264000.00000000006,110.00000000000001,0.0,110.00000000000001,2386.507,2386.507,2,7
106,38,2024-10-23,7415558,50.0,2024-10-13,112500.0,2250.0,0.0,2250.0,59.32892160000001,59.32892160000001,29,32
107,136,2024-10-04,7481387,50.0,2024-10-13,531000.0,10620.0,0.0,10620.0,59.903999999999996,59.424,29,18
108,152,2024-09-26,7483529,2100.0,2024-10-27,38808000.0,16800.0,0.1,18480.0,2199.944,2199.384,1,18
109,275,2024-10-21,7411025,32.0,2024-11-04,181632.00000000003,4730.000000000001,0.2,5676.000000000001,38.49435791,38.49435791,2,32
110,41,2024-10-09,7462505,540.0,2024-10-27,5940000.0,10000.0,0.1,11000.0,544.8240000000001,543.884,3,18
111,174,2024-10-10,7413339,1300.0,2024-11-10,19305000.000000004,13500.0,0.1,14850.000000000002,1228.658,1228.658,4,18
112,41,2024-10-09,7406115,240.0,2024-10-23,2640000.0,10000.0,0.1,11000.0,236.14600000000002,235.686,5,18
113,41,2024-10-25,7443369,280.0,2024-11-10,3360000.0,10909.090909090908,0.1,12000.0,282.58000000000004,282.1,6,18
114,35,2024-11-11,7408581,170.0,2024-11-04,571200.0,3360.0,0.0,3360.0,172.65690712324346,172.65690712324346,7,32
115,47,2024-10-28,7461001,710.0,2024-11-04,10735200.0,13745.454545454544,0.1,15120.0,713.0880000000001,713.0880000000001,7,18
116,275,2024-11-01,7494537,170.0,2024-11-04,685440.0,3360.0,0.2,4032.0,172.7697848877403,172.7697848877403,7,32
117,273,2024-11-20,7428006,66.0,2024-11-04,221760.0,3360.0,0.0,3360.0,75.97364638992086,75.97364638992086,7,32
118,174,2024-10-28,7453669,670.0,2024-11-28,10854000.0,14727.272727272726,0.1,16200.0,665.5229999999999,664.573,8,18
119,275,2024-11-07,7465348,120.0,2024-11-28,259200.0,1800.0,0.2,2160.0,123.31719130740393,123.31719130740393,8,32
120,273,2024-11-06,7487023,540.0,2024-11-28,972000.0,1800.0,0.0,1800.0,540.9713373359887,540.9713373359887,8,32
121,86,2024-10-10,7443521,2600.0,2024-11-05,52052000.0,18200.0,0.1,20020.0,2600.078,2600.078,9,18
122,86,2024-10-31,7481506,2400.0,2024-11-10,44985600.0,17040.0,0.1,18744.0,2484.669,2468.317,10,18
123,273,2024-10-16,7499829,430.0,2024-10-27,2317700.0,5390.0,0.0,5390.0,427.89217457305506,427.89217457305506,3,32
124,273,2024-10-16,7492097,170.0,2024-10-23,916300.0,5133.333333333333,0.05,5390.0,170.02687965722805,170.02687965722805,5,32
125,273,2024-10-28,7400568,360.0,2024-11-10,2116800.0,5880.0,0.0,5880.0,360.20244436270013,360.20244436270013,6,32
126,41,2024-10-31,7435633,60.0,2024-11-10,720000.0,10909.090909090908,0.1,12000.0,78.326,78.286,6,18
127,273,2024-11-11,7475378,110.0,2024-11-24,706200.0,6420.0,0.0,6420.0,110.00000000000001,110.00000000000001,11,32
128,92,2024-11-04,7409842,110.0,2024-11-24,1254000.0,10363.636363636362,0.1,11400.0,110.00000000000001,110.00000000000001,11,18
129,54,2024-11-06,7453074,140.0,2024-11-10,745920.0,4440.0,0.2,5328.0,140.93209512863586,140.93209512863586,12,32
130,153,2024-11-05,7465527,260.0,2024-11-10,3525600.0,12327.272727272726,0.1,13560.0,264.622,264.622,12,18
131,242,2024-11-10,7495385,120.0,2024-11-10,532800.0,4440.0,0.0,4440.0,123.76009017770313,123.76009017770313,12,32
132,38,2024-11-07,7455359,310.0,2024-11-19,852500.0,2750.0,0.0,2750.0,313.9507473309609,313.9507473309609,13,32
133,136,2024-11-07,7404580,320.0,2024-11-19,4153600.0000000005,12980.000000000002,0.0,12980.000000000002,315.072,313.952,13,18
134,273,2024-11-11,7440954,100.0,2024-11-29,642000.0,6420.0,0.0,6420.0,102.11936067260746,102.11936067260746,14,32
135,273,2024-11-05,7479285,410.0,2024-11-29,2632200.0,6420.0,0.0,6420.0,405.2988041074596,405.2988041074596,14,32
136,92,2024-11-11,7435682,510.0,2024-11-29,5814000.0,10363.636363636362,0.1,11400.0,511.19000000000005,507.82000000000005,14,18
137,174,2024-11-10,7471416,1100.0,2024-11-24,16335000.000000002,13500.0,0.1,14850.000000000002,1080.737,1079.067,15,18
138,275,2024-11-19,7491371,690.0,2024-11-24,1366200.0000000002,1650.0000000000002,0.2,1980.0000000000002,693.6298174204185,693.6298174204185,15,32
139,197,2024-11-20,7495308,390.0,2024-11-24,643500.0000000001,1650.0000000000002,0.0,1650.0000000000002,385.2704663966458,385.2704663966458,15,32
140,273,2024-11-17,7439126,3700.0,2024-12-09,13320000.0,3600.0,0.0,3600.0,3678.649150823635,3679.049150823635,16,32
141,256,2024-11-17,7454987,3700.0,2024-12-09,53280000.0,13090.90909090909,0.1,14400.0,3685.4790000000003,3679.2690000000002,16,18
142,256,2024-11-19,7426346,3700.0,2024-12-09,6626.8656697199995,1.492537313,0.2,1.7910447755999999,3684.3791853178154,3684.3791853178154,16,37
143,275,2024-10-20,7459894,140.0,2024-12-09,462000.00000000006,2750.0000000000005,0.2,3300.0000000000005,138.04753332000004,138.04753332000004,17,32
144,38,2024-10-20,7418476,960.0,2024-12-09,2745600.0000000005,2860.0000000000005,0.0,2860.0000000000005,962.7685129200003,962.7685129200003,17,32
145,189,2024-11-17,7421026,1100.0,2024-12-09,15125000.000000002,12500.0,0.1,13750.000000000002,1100.0680000000002,1100.748,17,18
146,189,2024-11-20,7437752,1100.0,2024-12-09,6050.0,5.5,0.0,5.5,1100.0680000000002,1100.0680000000002,17,37
147,228,2024-11-14,7460024,3700.0,2024-12-09,444000.0,120.0,0.0,120.0,3685.4790000000003,3685.4790000000003,16,7
148,273,2024-10-31,7465604,260.0,2024-11-04,873600.0,3360.0,0.0,3360.0,259.0890239379745,259.0890239379745,7,32
149,156,2024-10-30,7424356,790.0,2024-11-17,14147320.0,16279.999999999998,0.1,17908.0,790.933,790.933,93,18
150,222,2024-11-30,7485689,170.0,2024-12-31,1972000.0,11600.0,0.0,11600.0,170.76000000000002,170.76000000000002,18,18
151,5,2024-12-11,7489404,640.0,2024-12-18,1456000.0,2275.0,0.0,2275.0,638.52,638.52,19,32
152,104,2024-12-10,7432806,640.0,2024-12-18,6048000.0,8590.90909090909,0.1,9450.0,638.52,638.52,19,18
153,47,2025-02-02,7461997,730.0,2025-03-05,12446500.0,15499.999999999998,0.1,17050.0,734.468,732.6479999999999,118,18
154,2,2023-12-13,7454371,100.0,2024-02-14,1600000.0,16000.0,0.0,16000.0,0.0,0.0,119,36
155,2,2024-01-30,7489024,350.0,2024-04-16,14044800.0,40128.0,0.0,40128.0,0.0,0.0,120,36
157,14,2024-12-11,7418793,50.0,2024-12-14,717750.0,13049.999999999998,0.1,14355.0,59.903999999999996,59.903999999999996,20,18
158,86,2025-01-04,7408550,1200.0,2025-01-19,22651200.0,17160.0,0.1,18876.0,1214.8319999999999,1214.8319999999999,21,18
159,86,2025-01-06,7418473,730.0,2025-01-19,13779480.0,17160.0,0.1,18876.0,734.82,734.82,22,18
160,86,2025-01-03,7490264,2700.0,2025-02-02,50965200.0,17160.0,0.1,18876.0,2725.554,2725.554,92,18
164,6,2023-08-06,7485137,220.0,2023-12-06,1790800.0000000002,8140.000000000001,0.0,8140.000000000001,220.00000000000003,220.00000000000003,55,32
165,7,2024-03-13,7460406,,,83050.0,83050.0,0.0,83050.0,,0.0,133,20
166,8,2024-03-12,7471977,,,8613.0,8613.0,0.0,8613.0,,0.0,133,5
167,9,2023-08-19,7430998,,,,178200.0,0.0,178200.0,,0.0,133,2
168,10,2023-08-22,7473019,1.0,,1914440.0000000002,1595366.666666667,0.2,1914440.0000000002,,0.0,133,26
169,10,2023-08-25,7443876,,,,31507.015833333335,0.2,37808.419,,0.0,133,5
170,11,2024-02-10,7446406,,,,16866.666666666668,0.2,20240.0,,0.0,133,5
171,12,2023-09-28,7471027,1700.0,2023-10-04,542300.0,319.0,0.0,319.0,1650.0000000000002,1650.0000000000002,70,32
172,15,2024-05-27,7411144,350.0,2025-05-02,1309000.0000000002,3065.5737704918038,0.22,3740.0000000000005,352.9411764705882,352.9411764705882,139,32
174,19,2023-08-03,7459864,5000.0,2023-11-18,3470000.0,3465618.464,0.0,3465618.464,,0.0,129,33
175,20,2024-05-07,7498088,,,,1408.0,0.05,1478.4,,0.0,133,23
176,24,2024-03-20,7442770,3800.0,2024-04-20,10336000.0,2266.666666666667,0.2,2720.0,3721.9930000000004,3729.4230000000007,47,32
177,25,2023-10-05,7471983,,,,40731.9,0.0,40731.9,,0.0,133,14
178,26,2024-10-02,7424758,,,,1238.6000000000001,0.0,1238.6000000000001,,0.0,133,9
179,27,2023-07-31,7493027,5000.0,2023-11-18,1170000.0,971905.0,0.2,1166286.0,,0.0,128,43
180,27,2023-07-31,7441456,3300.0,2024-01-19,740000.0,611607.9933333334,0.2,733929.5920000001,,0.0,131,43
181,29,2024-09-04,7493379,,,,33660.0,0.0,33660.0,,0.0,133,8
182,31,2024-05-21,7487273,,,347886.0,331320.0,0.05,347886.0,,0.0,133,12
183,31,2024-07-06,7485080,,,347886.0,331320.0,0.05,347886.0,,0.0,133,12
184,32,2024-03-20,7495377,,,162360.0,162360.0,0.0,162360.0,,0.0,133,34
185,33,2023-11-22,7423652,,,,55916.66666666667,0.2,67100.0,,0.0,133,22
186,36,2023-12-03,7467391,1700.0,2024-02-19,40000.0,30800.0,0.2,36960.0,,0.0,135,56
187,38,2024-10-26,7475650,2200.0,2024-10-27,264000.0,120.0,0.0,120.0,2199.944,2200.504,1,7
188,38,2024-10-10,7457146,2700.0,2024-11-05,351000.0,130.0,0.0,130.0,2600.078,2600.078,9,7
189,38,2024-10-10,7462236,2500.0,2024-11-10,300000.0,120.0,0.0,120.0,2484.669,2484.669,10,7
191,40,2024-03-08,7400296,,,151800.0,151800.0,0.0,151800.0,,0.0,133,34
192,42,2023-08-22,7402465,,,,155005.40000000002,0.0,155005.40000000002,,0.0,133,10
193,43,2023-08-10,7430299,250.0,2023-12-15,1031250.0,4125.0,0.0,4125.0,249.31500000000003,249.94500000000002,48,32
195,48,2023-08-08,7407834,,2023-11-18,,226398.73666666666,0.2,271678.484,,0.0,128,56
196,49,2024-05-30,7411964,,,38720.0,38720.0,0.0,38720.0,,0.0,133,10
197,50,2023-08-08,7419504,1300.0,2023-09-03,429000.0,330.0,0.0,330.0,1302.0,1302.0,77,7
198,51,2023-08-13,7415374,280.0,2023-11-26,970200.0000000001,2887.5000000000005,0.2,3465.0000000000005,283.44800000000004,283.44800000000004,57,32
199,52,2024-06-22,7421880,,,,4400.0,0.0,4400.0,,0.0,133,31
200,53,2023-11-26,7447664,,,,103631.022,0.0,103631.022,,0.0,133,30
201,56,2023-08-31,7496834,1000.0,2023-09-03,4367000.0,3639.166666666667,0.2,4367.0,1023.4134169074239,1024.093416907424,65,32
202,57,2024-03-19,7409779,,,438108.00000000006,438108.00000000006,0.0,438108.00000000006,,0.0,133,10
203,58,2024-09-13,7494400,,2024-10-17,,82800.0,0.0,82800.0,,0.0,23,21
204,58,2024-09-12,7427504,,2024-09-14,,124200.0,0.0,124200.0,,0.0,30,21
205,59,2023-09-08,7421251,,2023-11-18,,317564.5,0.0,317564.5,,0.0,128,38
206,60,2023-08-27,7448870,,,,80966.35250000002,0.2,97159.62300000002,,0.0,133,11
207,61,2024-04-10,7453562,,,,14476.000000000002,0.0,14476.000000000002,,0.0,133,48
208,64,2024-07-26,7491346,5000.0,2024-11-25,540000.0,444519.80000000005,0.2,533423.76,,0.0,109,56
209,64,2024-07-22,7432589,7000.0,2024-11-24,650000.0,540971.7316666667,0.2,649166.078,,0.0,110,56
210,68,2024-01-25,7470395,1700.0,2024-02-19,900000.0,815776.5000000001,0.0,815776.5000000001,,0.0,135,33
211,68,2024-02-01,7437031,600.0,2024-02-19,280000.0,271925.5,0.0,271925.5,,0.0,124,33
212,69,2023-08-22,7485726,570.0,2023-09-03,1849650.0000000002,3245.0000000000005,0.0,3245.0000000000005,568.234282986269,569.204282986269,82,32
213,70,2024-03-28,7441065,,,4180.0,3980.9523809523807,0.05,4180.0,,0.0,133,20
214,71,2024-08-26,7452622,4800.0,2024-09-13,990000.0,819660.7375,0.2,983592.885,,0.0,112,43
215,71,2024-08-30,7483847,4900.0,2024-09-17,860000.0,709998.27,0.2,851997.924,,0.0,111,43
216,71,2024-07-30,7442295,3300.0,2024-10-14,810000.0,671219.18,0.2,805463.0160000001,,0.0,113,43
217,71,2024-11-01,7460278,5000.0,2024-11-25,1120000.0,929491.9,0.2,1115390.28,,0.0,109,43
218,73,2023-07-18,7444639,,,,25850.000000000004,0.0,25850.000000000004,,0.0,133,10
219,74,2024-09-30,7433546,70.0,2024-02-01,92400.0,1320.0,0.0,1320.0,75.41600000000001,75.88600000000001,54,32
220,75,2024-10-31,7476126,,,,26290.000000000004,0.0,26290.000000000004,,0.0,133,10
221,77,2023-09-08,7494108,220.0,2024-02-05,943800.0,4290.0,0.0,4290.0,221.94700000000003,223.25700000000003,59,32
222,78,2023-08-18,7417649,,,3135000.0000000005,2612500.0000000005,0.2,3135000.0000000005,,0.0,133,26
223,78,2024-03-29,7473831,,,,79750.00000000001,0.2,95700.00000000001,,0.0,133,5
224,79,2023-08-12,7457806,,,,483582.00000000006,0.2,580298.4,,0.0,133,22
226,81,2023-08-03,7423677,,,,1013558.3333333334,0.2,1216270.0,,0.0,133,22
227,82,2023-09-16,7441080,,,,2200.0,0.0,2200.0,,0.0,133,52
228,84,2024-03-17,7406582,640.0,2024-01-30,1337600.0,1741.6666666666667,0.2,2090.0,644.8860000000001,644.8860000000001,53,32
229,87,2023-07-20,7470322,5000.0,2023-11-18,3200000.0,3141855.7500000005,0.0,3141855.7500000005,,0.0,128,33
230,88,2023-08-23,7481569,5000.0,2023-11-18,200000.0,104953.2,0.2,125943.84,,0.0,128,37
231,94,2023-08-03,7432543,,,,11880.000000000002,0.0,11880.000000000002,,0.0,133,9
232,99,2023-10-03,7489091,,,,21837.046000000002,0.0,21837.046000000002,,0.0,133,35
233,101,2023-12-29,7447864,,2024-05-18,,55150.33333333334,0.2,66180.40000000001,,0.0,134,21
234,102,2024-08-30,7450612,,,,26350.500000000004,0.0,26350.500000000004,,0.0,133,22
235,105,2023-11-14,7455329,,,,532746.5,0.0,532746.5,,0.0,133,14
236,107,2023-09-02,7485283,,,,23400.0,0.0,23400.0,,0.0,133,9
237,108,2023-08-15,7436672,,,,154936.80000000002,0.0,154936.80000000002,,0.0,133,27
238,109,2024-08-02,7458504,6000.0,2024-11-24,1698684.482,235.9284002777778,0.2,283.11408033333333,,0.0,110,43
239,109,2024-11-07,7471934,260.0,2024-11-28,10413.283071508902,33.3902,0.2,40.068239999999996,,0.0,8,19
240,109,2024-10-19,7441662,3300.0,2024-11-11,784289.7150000001,198.05295833333335,0.2,237.66355000000001,,0.0,115,43
241,110,2024-10-21,7431773,3300.0,2024-11-11,800000.0,641031.6000000001,0.2,769237.92,,0.0,115,37
242,111,2025-01-29,7446820,850.0,2025-03-01,13426600.000000002,14360.0,0.1,15796.000000000002,852.994,852.144,121,18
243,113,2024-03-09,7410142,,,,180000.0,0.0,180000.0,,0.0,133,27
244,115,2023-12-16,7473643,,,,83858.85,0.0,83858.85,,0.0,133,29
245,116,2023-08-03,7413976,,,58586.4,58586.4,0.0,58586.4,,0.0,133,10
247,120,2023-09-02,7415771,,,,17942.25,0.2,21530.7,,0.0,133,22
248,121,2023-08-01,7400244,5000.0,2023-11-18,300000.0,305002.797,0.0,305002.797,,0.0,129,56
249,122,2023-08-15,7488005,,,,56460.0,0.2,67752.0,,0.0,133,10
250,123,2024-08-15,7462928,,,,4356.0,0.0,4356.0,,0.0,133,10
251,124,2023-08-10,7421745,,,,69259.5,0.0,69259.5,,0.0,133,10
252,125,2024-08-08,7458924,,,,183695.28000000003,0.2,220434.336,,0.0,133,22
253,126,2023-12-24,7479932,,,,13801.714285714286,0.05,14491.800000000001,,0.0,133,10
254,127,2025-01-31,7444408,1200.0,2025-03-03,14904000.0,11290.90909090909,0.1,12420.0,1217.043,1214.94,123,18
255,128,2023-11-08,7465083,110.0,2023-08-29,121000.0,1100.0,0.0,1100.0,108.45086703354299,111.63786703354299,62,7
256,130,2023-12-20,7453553,,,,1131261.7500000002,0.0,1131261.7500000002,,0.0,133,14
257,131,2024-04-10,7452464,,,,23400.0,0.0,23400.0,,0.0,133,29
258,139,2024-09-18,7401674,,,,17280.0,0.0,17280.0,,0.0,133,8
259,142,2024-08-16,7410803,,2024-11-25,,22680.0,0.0,22680.0,,0.0,109,39
260,142,2024-11-14,7486057,,2024-11-24,,20790.0,0.0,20790.0,,0.0,110,39
261,143,2023-07-08,7478462,,,,13500.0,0.0,13500.0,,0.0,133,27
262,144,2024-03-07,7469509,,,,30000.0,0.0,30000.0,,0.0,133,27
263,145,2023-08-25,7438642,,,,17280.0,0.0,17280.0,,0.0,133,5
264,149,2023-08-15,7465387,,,,1225420.248,0.0,1225420.248,,0.0,133,27
266,151,2023-08-19,7455717,,,,33600.0,0.0,33600.0,,0.0,133,22
267,154,2023-09-07,7418428,,,,19800.0,0.0,19800.0,,0.0,133,53
268,58,2024-08-08,7403270,,2024-08-18,,29700.000000000004,0.0,29700.000000000004,,0.0,45,21
269,58,2024-08-08,7476966,,2024-08-18,,26400.0,0.0,26400.0,,0.0,43,21
270,133,2024-08-13,7467260,50.0,2024-08-18,126000.0,2520.0,0.0,2520.0,42.18355944,42.18355944,43,32
271,4,2024-08-13,7409770,70.0,2024-08-18,176400.0,2520.0,0.0,2520.0,56.78486832000001,56.78486832000001,43,32
272,137,2024-08-13,7411963,110.0,2024-08-18,277200.0,2520.0,0.0,2520.0,92.46895488000001,92.46895488000001,43,32
273,140,2024-08-14,7474274,50.0,2024-08-18,126000.0,2520.0,0.0,2520.0,38.87080872000001,38.87080872000001,43,32
274,89,2024-08-14,7484499,110.0,2024-08-18,277200.0,2520.0,0.0,2520.0,106.45812504000001,106.45812504000001,43,32
275,90,2024-08-14,7495072,110.0,2024-08-18,277200.0,2520.0,0.0,2520.0,112.41747552000001,112.41747552000001,43,32
276,157,2024-08-06,7457011,1100.0,2024-08-12,264000.0,240.0,0.0,240.0,1136.9093292205932,1111.3493292205933,42,32
277,160,2023-08-09,7478791,,,,182243.9,0.2,218692.68,,0.0,133,11
279,161,2023-08-10,7495646,,,,447100.38,0.0,447100.38,,0.0,133,14
280,162,2023-09-21,7460583,,,,100100.00000000001,0.0,100100.00000000001,,0.0,133,8
281,164,2023-07-28,7485820,,,,11495.000000000002,0.0,11495.000000000002,,0.0,133,27
282,165,2024-01-23,7499402,,,362241.00000000006,301867.50000000006,0.2,362241.00000000006,,0.0,133,34
283,169,2023-09-01,7488608,,2023-11-18,,33000.0,0.0,33000.0,,0.0,128,33
284,171,2023-08-16,7475175,110.0,2023-08-29,278300.0,2530.0,0.0,2530.0,105.00000262054508,105.05000262054507,62,32
286,173,2023-08-22,7480852,,,,312430.1491666667,0.2,374916.17900000006,,0.0,133,6
287,176,2024-01-10,7473425,,,,182038.7341666667,0.2,218446.48100000003,,0.0,133,28
288,179,2023-09-12,7437533,,,,22770.000000000004,0.0,22770.000000000004,,0.0,133,31
289,180,2024-02-04,7437727,600.0,2024-02-19,100000.0,80315.345,0.0,80315.345,,0.0,124,38
290,181,2025-04-01,7435795,510.0,2025-05-02,10154100.0,19910.0,0.0,19910.0,506.64,506.64,139,18
291,182,2024-03-12,7441911,,,,432666.66666666674,0.2,519200.00000000006,,0.0,133,6
292,183,2024-03-19,7468914,,,,719742.2980000001,0.0,719742.2980000001,,0.0,133,27
293,184,2024-04-10,7412109,,,,12925.000000000002,0.0,12925.000000000002,,0.0,133,31
294,187,2024-04-26,7429478,,,79200.0,79200.0,0.0,79200.0,,0.0,133,49
295,188,2023-08-07,7468237,2800.0,2023-11-18,850000.0,840437.378,0.0,840437.378,,0.0,126,33
296,188,2023-08-07,7409109,2800.0,2023-11-18,1510000.0,1504821.5160000003,0.0,1504821.5160000003,,0.0,126,43
297,191,2023-11-16,7486460,600.0,2024-02-19,320000.0,318564.4,0.0,318564.4,,0.0,124,37
298,192,2023-08-20,7434440,,2023-11-18,,722794.7980000001,0.0,722794.7980000001,,0.0,128,45
299,193,2023-10-21,7412472,,,,12329.918333333333,0.2,14795.902,,0.0,133,47
300,194,2023-08-24,7418048,,,,921800.0000000001,0.0,921800.0000000001,,0.0,133,20
301,195,2024-03-29,7474615,,,,50027.91619047619,0.05,52529.312000000005,,0.0,133,10
302,196,2023-08-31,7469950,,,,35310.0,0.0,35310.0,,0.0,133,22
303,197,2024-12-11,7460537,490.0,2025-01-11,882000.0,1800.0,0.0,1800.0,489.918,489.918,91,32
304,197,2024-10-04,7448270,450.0,2024-10-13,108000.0,240.0,0.0,240.0,447.8081446840387,447.8081446840387,26,32
305,199,2024-08-12,7419013,1200.0,2024-08-12,480000.0,400.0,0.0,400.0,1164.1944329607857,1164.1944329607857,42,7
306,200,2023-11-17,7421100,230.0,2023-12-11,151800.0,660.0,0.0,660.0,230.73600000000002,230.57600000000002,56,32
307,201,2024-10-17,7412021,,,,14300.000000000002,0.0,14300.000000000002,,0.0,133,31
308,206,2024-11-16,7476060,,,,91.66666666666669,0.2,110.00000000000001,,0.0,133,32
309,207,2024-08-26,7454218,,,,37923.96666666667,0.2,45508.76,,0.0,133,11
310,208,2023-09-07,7497505,,,,956442.685,0.0,956442.685,,0.0,133,44
311,209,2023-08-11,7486463,3000.0,2023-11-18,2270000.0,2267478.4000000004,0.0,2267478.4000000004,,0.0,130,33
312,211,2023-09-01,7447792,,2023-11-18,,572429.55,0.0,572429.55,,0.0,126,45
313,212,2024-06-27,7499983,,,,865150.0000000001,0.0,865150.0000000001,,0.0,133,27
314,215,2024-03-28,7472234,,,104500.00000000001,104500.00000000001,0.0,104500.00000000001,,0.0,133,34
315,216,2023-08-16,7464097,,,,86430.31833333333,0.2,103716.382,,0.0,133,28
316,217,2023-08-15,7466788,,,,933933.0000000001,0.0,933933.0000000001,,0.0,133,27
317,220,2023-11-30,7433252,,,,30877.000000000004,0.2,37052.4,,0.0,133,47
318,221,2023-09-26,7444756,,,,109395.00000000001,0.0,109395.00000000001,,0.0,133,25
319,223,2024-07-25,7412601,,,55000.00000000001,55000.00000000001,0.0,55000.00000000001,,0.0,133,53
320,224,2023-08-10,7401000,,,,14208.333333333334,0.2,17050.0,,0.0,133,10
321,226,2023-09-27,7446808,,,,105600.00000000001,0.0,105600.00000000001,,0.0,133,3
322,229,2023-08-16,7455246,,,,259011.58800000002,0.0,259011.58800000002,,0.0,133,4
324,231,2023-11-23,7459447,,,,31350.000000000004,0.0,31350.000000000004,,0.0,133,5
325,232,2024-05-02,7486674,,,577500.0,550000.0,0.05,577500.0,,0.0,133,34
326,235,2024-01-06,7496328,1700.0,2024-02-19,600000.0,514644.19600000005,0.0,514644.19600000005,,0.0,135,19
327,237,2024-04-20,7488077,,,,51700.00000000001,0.0,51700.00000000001,,0.0,133,31
329,238,2024-06-06,7493626,130.0,2024-07-07,4561700.0,35090.0,0.0,35090.0,0.0,0.0,122,18
330,240,2023-10-03,7478789,,2024-01-19,,156010.239,0.0,156010.239,,0.0,131,21
331,243,2023-08-25,7486662,,,,14300.000000000002,0.0,14300.000000000002,,0.0,133,22
332,244,2024-11-07,7471217,,,,193718.59100000001,0.0,193718.59100000001,,0.0,133,14
333,249,2023-08-25,7491180,,,,57495.9,0.0,57495.9,,0.0,133,23
334,258,2023-09-01,7465581,,,,18745.083333333332,0.2,22494.1,,0.0,133,54
335,259,2023-09-22,7416878,,,,16625.0,0.2,19950.0,,0.0,133,55
336,260,2024-02-20,7470513,,,18715.0,18715.0,0.0,18715.0,,0.0,133,20
337,261,2023-07-27,7485056,,,,43866.9815,0.0,43866.9815,,0.0,133,14
339,265,2024-09-21,7468648,1700.0,2024-10-17,6324000.0,3720.0,0.0,3720.0,1653.3462057686718,1653.3462057686718,23,32
340,265,2024-09-13,7459485,2400.0,2024-09-14,8928000.0,3720.0,0.0,3720.0,2328.8633176997273,2328.8633176997273,30,32
341,267,2024-04-19,7401175,,,,24320.0,0.0,24320.0,,0.0,133,29
342,271,2023-08-16,7455426,,,,1527.125,0.2,1832.55,,0.0,133,23
343,272,2024-02-24,7431919,,2024-05-05,,32800.0,0.05,34440.0,,0.0,132,39
344,274,2024-10-18,7450731,180.0,2024-10-27,970200.0,5390.0,0.0,5390.0,181.51268311195446,181.51268311195446,3,32
345,276,2023-08-17,7415525,,,,131738.4,0.0,131738.4,,0.0,133,10
346,277,2023-09-27,7490662,,,,91200.0,0.0,91200.0,,0.0,133,3
347,278,2024-08-14,7470465,,2024-09-17,,41052.8025,0.2,49263.363,,0.0,111,43
348,279,2023-08-01,7422975,5000.0,2023-11-18,490000.0,485253.087,0.0,485253.087,,0.0,129,43
349,282,2023-09-22,7466507,,,,8075.0,0.0,8075.0,,0.0,133,52
350,283,2023-08-18,7490893,,,,28880.0,0.0,28880.0,,0.0,133,10
351,284,2023-08-22,7475708,,,,43638.25,0.0,43638.25,,0.0,133,22
352,285,2024-03-06,7422386,,,,51458.333333333336,0.2,61750.0,,0.0,133,48
353,275,2024-10-27,7479707,120.0,2024-11-10,237600.00000000003,1650.0000000000002,0.2,1980.0000000000002,117.72197220798675,117.72197220798675,4,32
354,273,2024-10-22,7480764,1100.0,2024-11-10,1815000.0000000002,1650.0000000000002,0.0,1650.0000000000002,1110.9360277920134,1110.9360277920134,4,32
355,273,2024-10-19,7426090,140.0,2024-10-28,168000.0,1200.0,0.0,1200.0,142.344,142.344,28,32
356,273,2024-09-14,7413782,170.0,2024-09-14,632400.0,3720.0,0.0,3720.0,171.68295022672254,171.68295022672254,30,32
357,273,2024-08-05,7454902,130.0,2024-08-06,315900.0,2430.0,0.0,2430.0,134.89598873333335,134.89598873333335,41,32
358,273,2024-07-15,7460030,830.0,2024-07-15,929600.0,1120.0,0.0,1120.0,827.95,827.95,31,32
359,275,2024-12-11,7449364,560.0,2025-01-11,715008.0,1064.0,0.2,1276.8,557.076,557.216,91,32
360,174,2024-12-11,7492403,1000.0,2025-01-11,16200000.0,14727.272727272726,0.1,16200.0,1046.8120000000001,1046.8120000000001,91,18
361,110,2024-11-08,7441948,5000.0,2024-11-25,700000.0,539650.8,0.2,647580.9600000001,,0.0,109,37
362,110,2024-11-26,7431559,7000.0,2024-11-24,800000.0,614215.8,0.2,737058.9600000001,,0.0,110,37
363,109,2024-11-06,7488255,220.0,2024-11-24,13646.5296,51.691399999999994,0.2,62.02967999999999,,0.0,11,19
364,109,2024-11-06,7484300,339.0,2024-11-10,11263.001071806208,27.668137931034483,0.2,33.20176551724138,,0.0,12,19
365,109,2024-11-06,7490164,560.0,2024-11-29,48598.20977198784,72.36794,0.2,86.841528,,0.0,14,19
366,109,2024-11-06,7468574,1320.0,2024-11-24,74084.71711974885,46.77788194444445,0.2,56.13345833333334,,0.0,15,19
367,109,2024-11-06,7467365,5059.0,2024-12-09,301991.15835297044,49.743419565217394,0.2,59.69210347826087,,0.0,16,19
368,109,2024-11-06,7481805,1540.0,2024-12-09,82628.75974394805,44.70976845238096,0.2,53.65172214285715,,0.0,17,19
369,43,2023-12-07,7495650,410.0,2023-12-16,1736350.0,3529.166666666667,0.2,4235.0,406.1530000000001,406.5830000000001,49,32
370,43,2023-12-01,7460506,2000.0,2023-12-18,8760000.0,3650.0,0.2,4380.0,1917.5970000000002,1917.5470000000003,50,32
371,43,2023-12-08,7481805,160.0,2023-12-15,729600.0,3800.0,0.2,4560.0,163.9,164.06,51,32
372,43,2023-12-07,7435173,890.0,2023-12-18,3720200.0,3483.3333333333335,0.2,4180.0,893.5520000000001,894.6320000000002,52,32
373,6,2023-11-19,7439654,770.0,2023-12-07,6267800.000000001,8140.000000000001,0.0,8140.000000000001,772.9700000000001,772.9700000000001,58,32
374,6,2023-11-19,7465700,100.0,2023-12-07,819500.0,8195.0,0.0,8195.0,92.422,92.422,60,32
375,6,2023-08-19,7423891,960.0,2023-09-01,3062400.0000000005,3190.0000000000005,0.0,3190.0000000000005,962.788,962.788,61,32
376,43,2023-09-06,7407215,1300.0,2023-09-18,5434000.0,3483.3333333333335,0.2,4180.0,1205.472,1207.942,63,32
377,77,2023-09-06,7484348,1500.0,2023-09-18,6435000.0,4290.0,0.0,4290.0,1557.888,1559.608,63,32
378,171,2023-08-17,7491946,1200.0,2023-09-11,2838000.0,2365.0,0.0,2365.0,1240.5904815667782,1241.7804815667782,64,32
379,56,2023-08-25,7454972,200.0,2023-09-03,961400.0,4005.8333333333335,0.2,4807.0,202.34500000000003,202.55500000000004,66,32
380,171,2023-09-26,7428480,300.0,2023-10-13,709500.0,2365.0,0.0,2365.0,300.245,300.255,67,32
381,43,2023-09-06,7401436,710.0,2023-09-18,2967800.0,3483.3333333333335,0.2,4180.0,705.575,706.755,73,32
382,77,2023-09-07,7486672,270.0,2023-09-18,1098900.0000000002,4070.0000000000005,0.0,4070.0000000000005,271.128,271.128,73,32
383,171,2023-10-04,7439097,910.0,2023-11-04,2482480.0,2728.0,0.0,2728.0,911.8626,912.9886,75,32
384,6,2023-08-12,7447929,170.0,2023-09-04,542300.0000000001,3190.0000000000005,0.0,3190.0000000000005,168.0,168.0,76,32
385,6,2023-08-09,7411950,1400.0,2023-09-03,4466000.000000001,3190.0000000000005,0.0,3190.0000000000005,1301.928,1301.928,77,32
386,171,2023-08-16,7462935,1100.0,2023-09-04,3484800.0,3168.0,0.0,3168.0,1132.0353000000002,1131.2583000000002,78,32
387,6,2023-09-13,7469607,260.0,2023-09-21,829400.0000000001,3190.0000000000005,0.0,3190.0000000000005,260.546,260.546,79,32
388,6,2023-08-02,7431476,4100.0,2023-08-20,13530000.000000002,3300.0000000000005,0.0,3300.0000000000005,4051.8360000000002,4051.8360000000002,84,32
389,171,2023-08-02,7495476,5700.0,2023-08-18,13480500.0,2365.0,0.0,2365.0,5776.9356,5777.4686,85,32
390,171,2023-08-23,7447154,820.0,2023-09-13,1930280.0,2354.0,0.0,2354.0,816.5434307721566,816.8784307721567,86,32
391,2,2025-01-24,7456262,6000.0,2025-01-19,102060000.0,17010.0,0.0,17010.0,5983.572,5983.572,107,36
392,2,2025-03-11,7491333,5000.0,2025-04-17,100100000.0,20020.0,0.0,20020.0,4910.256,4910.256,108,36
393,1,2023-10-14,7415084,,2024-01-19,729387.1640000001,729387.1640000001,0.0,729387.1640000001,,0.0,131,36
394,12,2024-03-18,7477163,668.0,2024-01-30,1506340.0,2255.0,0.0,2255.0,89.617,89.307,53,32
395,12,2023-08-14,7446529,300.0,2023-11-26,1023000.0000000001,3410.0000000000005,0.0,3410.0000000000005,30.195,31.625,57,32
396,142,2024-10-08,7419571,,2024-11-12,,20790.0,0.0,20790.0,,0.0,114,39
397,142,2024-10-14,7446485,,2024-11-11,,20790.0,0.0,20790.0,,0.0,115,39
398,142,2024-10-13,7416246,,2024-10-14,,30240.0,0.0,30240.0,,0.0,113,39
399,142,2023-07-14,7441508,,2024-09-13,,27720.000000000004,0.0,27720.000000000004,,0.0,112,39
400,109,2024-10-17,7409720,3300.0,2024-11-12,796056.3490000002,201.02433055555562,0.2,241.22919666666672,,0.0,114,43
401,109,2024-10-19,7416151,2422.0,2024-11-10,142662.29592340448,49.090341666666674,0.2,58.90841000000001,,0.0,4,19
402,109,2023-12-25,7449914,600.0,2024-02-19,611163.9050000001,848.8387569444446,0.2,1018.6065083333335,,0.0,124,43
403,109,2023-09-03,7491917,5000.0,2023-11-18,1375000.0,229.16666666666669,0.2,275.0,,0.0,125,43
404,109,2023-08-28,7418545,3000.0,2023-11-18,825000.0,229.16666666666669,0.2,275.0,,0.0,126,43
405,109,2023-09-20,7467453,3000.0,2023-11-18,1535490.5280000002,426.5251466666667,0.2,511.83017600000005,,0.0,127,43
406,109,2024-10-21,7415479,250.0,2024-07-15,9225.98,30.75326666666667,0.2,36.90392,,0.0,31,19
407,109,2024-10-26,7497776,250.0,2024-07-15,6989.57999999998,23.298599999999933,0.2,27.95831999999992,,0.0,31,19
408,109,2024-11-10,7431217,250.0,2024-07-15,10676.55,35.588499999999996,0.2,42.706199999999995,,0.0,31,19
409,109,2024-11-09,7477098,240.0,2024-10-28,13200.000000000002,45.83333333333334,0.2,55.00000000000001,,0.0,27,19
410,109,2024-11-09,7476327,240.0,2024-10-13,21206.320246733376,73.65013333333334,0.2,88.38016,,0.0,26,19
414,110,2024-09-21,7480621,3300.0,2024-11-12,2900000.0,2392982.3500000006,0.2,2871578.8200000003,,0.0,114,37
415,110,2024-10-08,7475354,3300.0,2024-10-14,3300000.0,2737819.2,0.2,3285383.04,,0.0,113,37
416,110,2023-07-14,7432938,4800.0,2024-09-13,4200000.0,3466299.1000000006,0.2,4159558.9200000004,,0.0,112,37
417,110,2023-07-18,7405552,4900.0,2024-09-17,3200000.0,2639728.8000000003,0.2,3167674.56,,0.0,111,37
418,117,2023-07-29,7430124,,,,2754.0,0.0,2754.0,,0.0,133,14
419,142,2023-07-19,7468890,,2024-09-17,,22680.0,0.0,22680.0,,0.0,111,39
420,142,2024-01-01,7417123,,2024-02-19,,20790.0,0.0,20790.0,,0.0,124,39
421,142,2024-02-06,7487272,,2024-02-19,,62370.00000000001,0.0,62370.00000000001,,0.0,135,39
422,142,2023-10-14,7496627,,2024-01-19,,33000.0,0.0,33000.0,,0.0,131,39
423,142,2023-09-24,7444011,,2023-11-18,,33000.0,0.0,33000.0,,0.0,127,39
424,142,2023-08-01,7404677,,2023-11-18,,82500.0,0.0,82500.0,,0.0,125,39
425,142,2023-09-04,7467361,,2023-11-18,,33000.0,0.0,33000.0,,0.0,126,39
426,142,2023-08-03,7493137,,2023-11-18,,9900.0,0.0,9900.0,,0.0,130,39
427,142,2023-09-02,7422063,,2023-11-18,,16500.0,0.0,16500.0,,0.0,129,39
428,142,2023-07-30,7406657,,2023-11-18,,33000.0,0.0,33000.0,,0.0,128,39
429,197,2024-12-12,7429740,60.0,2025-01-11,108000.0,1800.0,0.0,1800.0,73.39800000000001,73.39800000000001,91,32
430,27,2024-04-02,7458703,3300.0,2024-05-05,710000.0,700957.2720000001,0.0,700957.2720000001,,0.0,132,43
431,31,2023-09-02,7457625,,,,42730.28571428572,0.05,44866.8,,0.0,133,8
432,59,2023-09-15,7438492,,2023-11-18,,314185.575,0.0,314185.575,,0.0,129,38
434,36,2023-11-20,7451891,3300.0,2024-01-19,600000.0,499784.7341666667,0.2,599741.681,,0.0,131,56
435,36,2024-03-31,7468725,3300.0,2024-05-05,430000.0,351311.51333333337,0.2,421573.81600000005,,0.0,132,56
436,36,2024-03-27,7447214,128.0,2024-05-18,50000.0,37776.58500000001,0.2,45331.902,,0.0,134,56
437,48,2023-08-10,7461286,,2023-11-18,,329270.70000000007,0.2,395124.8400000001,,0.0,129,56
438,50,2023-08-08,7407895,170.0,2023-09-04,56100.0,330.0,0.0,330.0,169.2,169.2,76,7
439,50,2024-03-10,7447034,3800.0,2024-04-20,912000.0,240.0,0.0,240.0,3713.82,3713.82,47,7
440,50,2023-11-28,7451301,410.0,2023-12-16,135300.0,330.0,0.0,330.0,405.68000000000006,405.68000000000006,49,7
441,50,2023-08-18,7409324,1300.0,2023-09-11,429000.0,330.0,0.0,330.0,1239.2320000000002,1239.2320000000002,64,7
442,50,2023-08-17,7451956,1100.0,2023-09-04,396000.0,360.0,0.0,360.0,1131.9,1131.0,78,7
443,50,2023-09-22,7450761,140.0,2023-09-28,46200.0,330.0,0.0,330.0,140.853,140.853,71,7
444,64,2024-12-08,7499559,,2025-01-19,,40500.0,0.2,48600.0,,0.0,116,21
445,64,2024-10-09,7444976,,2024-11-25,,126600.0,0.2,151920.0,,0.0,109,21
446,64,2024-10-26,7448803,,2024-11-11,,59400.0,0.2,71280.0,,0.0,115,21
447,64,2024-10-19,7482387,3300.0,2024-11-11,400000.0,300687.76833333337,0.2,360825.32200000004,,0.0,115,56
448,64,2024-09-30,7478298,,2024-11-12,,15950.0,0.2,19140.0,,0.0,114,21
449,64,2024-09-16,7499051,3300.0,2024-11-12,400000.0,257322.1016666667,0.2,308786.52200000006,,0.0,114,56
450,64,2024-10-07,7477634,,2024-10-14,,58200.0,0.2,69840.0,,0.0,113,21
451,64,2024-07-16,7478757,3300.0,2024-10-14,400000.0,269226.95,0.2,323072.34,,0.0,113,56
452,64,2023-07-14,7426744,,2024-09-13,,82321.41500000001,0.2,98785.698,,0.0,112,21
453,64,2023-07-14,7483018,4800.0,2024-09-13,700000.0,556836.7016666667,0.2,668204.042,,0.0,112,56
454,64,2023-07-20,7428142,,2024-09-17,,26100.0,0.2,31320.0,,0.0,111,21
455,64,2023-07-21,7496058,4900.0,2024-09-17,470000.0,398116.8900000001,0.2,477740.26800000004,,0.0,111,56
456,64,2024-03-28,7430074,,2024-05-18,,29231.519166666672,0.2,35077.823000000004,,0.0,134,21
457,64,2023-12-07,7409484,128.0,2024-05-18,500000.0,362415.3316666667,0.2,434898.39800000004,,0.0,134,56
458,64,2024-02-03,7407723,,2024-02-19,,19800.000000000004,0.2,23760.000000000004,,0.0,135,21
459,64,2023-08-01,7447611,,2023-11-18,,64900.0,0.2,77880.0,,0.0,128,21
460,64,2023-08-06,7491259,,2023-11-18,,51700.00000000001,0.2,62040.00000000001,,0.0,130,21
461,64,2023-08-08,7412495,,2023-11-18,,75441.66666666669,0.2,90530.00000000001,,0.0,125,21
462,64,2023-08-13,7433466,,2023-11-18,,76505.00000000001,0.2,91806.00000000001,,0.0,129,21
463,64,2023-10-29,7466583,,2023-11-18,,44210.83333333334,0.2,53053.00000000001,,0.0,126,21
464,109,2024-02-13,7449500,1700.0,2024-02-19,657800.0,322.45098039215685,0.2,386.94117647058823,,0.0,135,43
465,64,2023-12-01,7423179,,2024-02-19,,13200.000000000002,0.2,15840.000000000002,,0.0,124,21
466,64,2023-11-20,7497181,,2024-01-19,,96140.00000000001,0.2,115368.00000000001,,0.0,131,21
467,64,2023-09-24,7483588,,2024-04-16,,53900.00000000001,0.2,64680.00000000001,,0.0,136,21
468,64,2023-11-01,7471077,,2023-11-18,,36157.16500000001,0.2,43388.598000000005,,0.0,127,21
469,68,2024-10-26,7403947,3300.0,2024-11-11,1130000.0,1122193.6,0.0,1122193.6,,0.0,115,33
470,83,2023-09-27,7448778,220.0,2023-10-13,4840000.0,20000.0,0.1,22000.0,219.84600000000003,219.84600000000003,137,18
471,84,2024-06-03,7480829,,,,15530.166666666668,0.2,18636.2,,0.0,133,47
472,87,2023-11-19,7487469,3300.0,2024-01-19,1700000.0,1628337.1500000001,0.0,1628337.1500000001,,0.0,131,33
473,87,2024-04-10,7422189,3300.0,2024-05-05,1300000.0,1203634.8,0.0,1203634.8,,0.0,132,33
474,103,2025-01-03,7492237,,,,132000.0,0.0,132000.0,,0.0,133,20
475,105,2023-11-20,7483579,,2024-01-19,27629855.000000004,27629855.000000004,0.0,27629855.000000004,,0.0,131,51
476,121,2023-09-03,7468356,5000.0,2023-11-18,300000.0,264362.868,0.0,264362.868,,0.0,128,56
477,121,2023-10-08,7457825,5000.0,2023-11-18,400000.0,301055.23799999995,0.0,301055.23799999995,,0.0,125,56
478,121,2023-09-16,7441471,,2023-11-18,,3300.0000000000005,0.0,3300.0000000000005,,0.0,128,21
479,121,2023-11-06,7488802,3000.0,2023-11-18,120000.0,114777.19,0.0,114777.19,,0.0,130,56
480,121,2023-10-08,7477476,2800.0,2023-11-18,200000.0,141517.62900000002,0.0,141517.62900000002,,0.0,126,56
481,121,2023-11-06,7437385,3000.0,2023-11-18,200000.0,145818.838,0.0,145818.838,,0.0,127,56
482,128,2024-10-01,7462868,70.0,2024-02-01,77000.0,1100.0,0.0,1100.0,74.89900000000002,74.89900000000002,54,7
483,155,2023-07-26,7453813,,,,18714498.048,0.0,18714498.048,,0.0,133,50
484,155,2023-07-12,7464381,,2024-11-25,,8391593.585454555,0.0,8391593.585454555,,0.0,109,16
485,155,2023-07-14,7488228,,2024-09-13,,8742259.306,0.0,8742259.306,,0.0,112,16
486,155,2023-07-18,7419192,,2024-09-17,,7266789.495,0.0,7266789.495,,0.0,111,16
487,155,2023-07-12,7454790,,2024-11-11,,4959701.7360000005,0.0,4959701.7360000005,,0.0,115,16
488,155,2023-07-13,7441697,,2024-11-12,,5448983.353000001,0.0,5448983.353000001,,0.0,114,16
489,155,2023-07-14,7489332,,2024-10-14,,7789597.223999999,0.0,7789597.223999999,,0.0,113,16
490,155,2023-07-21,7432582,,2024-05-05,,6050587.984000001,0.0,6050587.984000001,,0.0,132,16
491,155,2023-07-18,7459319,,2023-11-18,,8504061.115,0.0,8504061.115,,0.0,128,16
492,155,2023-07-18,7451812,,2023-11-18,,7489930.954,0.0,7489930.954,,0.0,129,16
493,155,2023-07-18,7407426,,2023-11-18,,5807598.016,0.0,5807598.016,,0.0,130,16
494,155,2023-07-18,7480667,,2023-11-18,,5459579.752,0.0,5459579.752,,0.0,126,16
495,155,2023-07-18,7418435,,2023-11-18,,7743464.157000001,0.0,7743464.157000001,,0.0,125,16
496,155,2023-09-18,7486924,,2023-11-18,,5696766.66952381,0.0,5696766.66952381,,0.0,127,16
497,155,2023-07-18,7474907,,2024-01-19,,6266443.336476192,0.0,6266443.336476192,,0.0,131,16
498,159,2023-08-09,7437397,,,,18000.0,0.0,18000.0,,0.0,133,46
499,161,2023-08-06,7410907,,,,2383447.6319999993,0.0,2383447.6319999993,,0.0,133,13
500,233,2023-07-16,7485576,,,,28422458.459999993,0.0,28422458.459999993,,0.0,133,24
501,233,2023-09-04,7483605,,,,3825861.512,0.0,3825861.512,,0.0,133,57
502,65,2023-07-29,7432609,,,,3718.0000000000005,0.0,3718.0000000000005,,0.0,133,46
550,169,2023-11-06,7447590,,2023-11-18,,35640.0,0.0,35640.0,,0.0,129,33
551,175,2023-07-16,7428849,,,,63182.04200000001,0.0,63182.04200000001,,0.0,133,50
552,180,2023-11-27,7469598,,2024-02-19,,227560.08000000002,0.0,227560.08000000002,,0.0,135,38
553,188,2023-09-04,7467699,5000.0,2023-11-18,3200000.0,3175932.9910000004,0.0,3175932.9910000004,,0.0,125,33
554,188,2023-09-11,7496681,5000.0,2023-11-18,2900000.0,2841406.7770000007,0.0,2841406.7770000007,,0.0,125,43
555,191,2024-04-10,7489808,1700.0,2024-02-19,1640000.0,1635245.5019999999,0.0,1635245.5019999999,,0.0,135,37
556,198,2024-12-02,7447560,,,,396.00000000000006,0.0,396.00000000000006,,0.0,133,31
557,209,2023-09-05,7444523,3000.0,2023-11-18,330000.0,322531.0,0.0,322531.0,,0.0,130,37
558,211,2023-09-13,7499134,,2023-11-18,,804724.4260000001,0.0,804724.4260000001,,0.0,127,45
559,211,2023-08-22,7456176,,2023-11-18,,1307257.864,0.0,1307257.864,,0.0,125,45
560,230,2024-11-30,7496245,,,275000.0,275000.0,0.0,275000.0,,0.0,133,35
561,233,2023-08-04,7447603,,,,2110077.8490000204,0.0,2110077.8490000204,,0.0,133,13
562,233,2023-07-10,7422469,,,,0.0,0.0,0.0,,0.0,133,15
563,246,2023-08-16,7499767,,,,446600.00000000006,0.0,446600.00000000006,,0.0,133,42
564,247,2023-08-17,7460002,,,,13486.000000000002,0.0,13486.000000000002,,0.0,133,46
565,248,2023-08-29,7495581,,,,2970.0000000000005,0.0,2970.0000000000005,,0.0,133,10
566,250,2023-07-18,7441339,,2024-09-17,,750961.8,0.0,750961.8,,0.0,111,40
567,250,2023-07-14,7474577,,2024-09-13,,2628498.455,0.0,2628498.455,,0.0,112,40
568,250,2023-07-14,7400417,,2024-10-14,,397449.70800000004,0.0,397449.70800000004,,0.0,113,40
569,250,2023-07-13,7464134,,2024-11-12,,718163.3800000001,0.0,718163.3800000001,,0.0,114,40
570,250,2023-07-12,7454079,,2024-11-11,,779024.0040000001,0.0,779024.0040000001,,0.0,115,40
571,250,2023-07-12,7429879,,2024-11-25,,48806.4,0.0,48806.4,,0.0,109,40
572,250,2023-07-10,7420499,,2024-11-24,,44739.200000000004,0.0,44739.200000000004,,0.0,110,40
573,250,2023-07-18,7462399,,2023-11-18,,6454108.045000001,0.0,6454108.045000001,,0.0,128,40
574,250,2023-07-18,7412064,,2023-11-18,,6273744.176033059,0.0,6273744.176033059,,0.0,129,40
575,250,2023-07-18,7481658,,2023-11-18,,6213085.037655903,0.0,6213085.037655903,,0.0,125,40
576,250,2023-07-18,7494076,,2023-11-18,,5381745.139999999,0.0,5381745.139999999,,0.0,130,40
577,250,2023-07-18,7473901,,2023-11-18,,5199354.607950273,0.0,5199354.607950273,,0.0,127,40
578,250,2023-07-18,7441109,,2024-01-19,,3935349.1912682536,0.0,3935349.1912682536,,0.0,131,40
579,250,2023-07-21,7408374,,2024-05-05,,3070536.5217093024,0.0,3070536.5217093024,,0.0,132,40
580,250,2023-07-18,7432242,,2023-11-18,,4355100.618959596,0.0,4355100.618959596,,0.0,126,40
581,250,2023-07-21,7454453,,2024-02-19,,1732757.9115085122,0.0,1732757.9115085122,,0.0,124,40
582,250,2023-07-21,7403546,,2024-02-19,,4909480.749274118,0.0,4909480.749274118,,0.0,135,40
583,250,2023-07-18,7435322,,2024-05-18,,768375.3,0.0,768375.3,,0.0,134,40
584,250,2023-07-19,7498310,,2025-01-19,,36604.8,0.0,36604.8,,0.0,116,40
585,250,2023-07-18,7458712,,2025-04-17,,907020.378,0.0,907020.378,,0.0,117,40
586,251,2023-07-18,7441366,,2024-09-17,,1125.0,0.2,1350.0,,0.0,111,17
587,251,2023-07-14,7430304,,2024-10-14,,1500.0,0.2,1800.0,,0.0,113,17
588,251,2023-07-13,7402840,,2024-11-12,,1375.0000000000002,0.2,1650.0000000000002,,0.0,114,17
589,251,2023-07-12,7498037,,2024-11-11,,1375.0000000000002,0.2,1650.0000000000002,,0.0,115,17
590,252,2023-07-18,7452952,,2024-09-17,,17781.45,0.2,21337.739999999998,,0.0,111,41
591,252,2023-07-14,7424654,,2024-09-13,,74382.50416666668,0.2,89259.005,,0.0,112,41
592,252,2023-07-14,7484965,,2024-10-14,,50574.27,0.2,60689.123999999996,,0.0,113,41
593,272,2024-01-13,7471078,,2024-05-18,,39600.0,0.05,41580.0,,0.0,134,39
594,279,2023-08-30,7466804,5000.0,2023-11-18,760000.0,752830.9140000001,0.0,752830.9140000001,,0.0,129,56
595,171,2025-03-05,7440103,220.0,2023-10-13,520300.0,2365.0,0.0,2365.0,220.00000000000003,220.14000000000001,137,32
596,273,2025-01-31,7420249,850.0,2025-03-01,2618000.0000000005,3080.0000000000005,0.0,3080.0000000000005,852.994,853.844,121,32
597,275,2025-01-31,7406268,1300.0,2025-03-03,5148000.0,3245.9016393442625,0.22,3960.0,1217.043,1219.1459999999997,123,32
598,273,2025-02-02,7484430,730.0,2025-03-05,2248400.0000000005,3080.0000000000005,0.0,3080.0000000000005,734.468,736.288,118,32
599,280,2025-03-07,7469683,360.0,2025-04-07,5837040.000000001,14740.0,0.1,16214.000000000002,357.0221194029851,356.48600000000005,138,18
600,197,2025-03-07,7436777,330.0,2025-04-07,108900.0,330.0,0.0,330.0,332.2289166666667,333.5489166666666,138,32
601,105,2023-09-06,7429905,,2024-02-19,12703482.000000002,12703482.000000002,0.0,12703482.000000002,,0.0,124,51
602,105,2023-11-24,7475260,,2024-02-19,29775988.000000004,29775988.000000004,0.0,29775988.000000004,,0.0,135,51
603,155,2023-07-10,7440359,,2024-11-24,,0.0,0.0,0.0,,0.0,110,16
604,155,2023-07-19,7464991,,2025-01-19,,0.0,0.0,0.0,,0.0,116,16
605,155,2023-07-18,7431343,,2025-04-17,,0.0,0.0,0.0,,0.0,117,16
606,233,2023-09-28,7467384,,,,0.0,0.0,,,0.0,133,58
607,233,2023-09-03,7434000,,,,0.0,0.0,,,0.0,133,1
608,233,2023-09-03,7433570,,,,0.0,0.0,,,0.0,133,59
